"","Region","Year","PopTotal","GDPTotal","CarbonTotal","GDP","CO2","Tech"
"1"," Africa",1960,276693.172,303612070061.441,42712000,1097.28790149343,0.154365934263098,1.40679519069701
"2"," Africa",1961,283481.311,312278367120.263,44192000,1101.5836141673,0.155890347212342,1.41514765840251
"3"," Africa",1962,290500.31,323097201819.826,45373000,1112.20949065364,0.156189162070085,1.40431423560586
"4"," Africa",1963,297756.326,346304752608.706,48105000,1163.04750686877,0.161558280377224,1.38909442153554
"5"," Africa",1964,305257.721,366229633588.671,52816000,1199.73913317878,0.173021012628211,1.44215528062156
"6"," Africa",1965,313011.679,386676228572.208,58276000,1235.3412173231,0.186178356622917,1.50710066184267
"7"," Africa",1966,321023.802,397099292012.188,60323000,1236.97772420061,0.187908185075947,1.51909109921426
"8"," Africa",1967,329296.963,405840155161.794,64677000,1232.44426995154,0.196409342530134,1.59365698976277
"9"," Africa",1968,337832.827,426684154918.783,70235000,1263.00383153347,0.207898683569907,1.64606534342408
"10"," Africa",1969,346631.97,460211369721.24,75873000,1327.66567873483,0.218886330652075,1.64865548728094
"11"," Africa",1970,355697.031,499343915730.813,82602000,1403.84617303936,0.232225722457605,1.65421060310925
"12"," Africa",1971,365041.402,522433618045.069,90607000,1431.16264397064,0.248210201647209,1.73432560368241
"13"," Africa",1972,374675.47,543465478128.516,96069000,1450.49655406722,0.25640589708208,1.76771117699738
"14"," Africa",1973,384596.614,564155618275.027,103205000,1466.87619635421,0.268346096255543,1.82937112840534
"15"," Africa",1974,394798.903,592737476564.573,106025000,1501.36556120211,0.268554444286285,1.78873454424557
"16"," Africa",1975,405285.685,603159929506.228,105597000,1488.23398365582,0.260549542972385,1.75072969596051
"17"," Africa",1976,416048.457,642852750133.323,114597000,1545.13912818892,0.27544147339549,1.7826321809502
"18"," Africa",1977,427111.711,663303698230.732,118033000,1552.99815281987,0.27635158896404,1.77947145952655
"19"," Africa",1978,438551.072,679347154308.504,126139000,1549.07192726804,0.287626705425087,1.85676791607959
"20"," Africa",1979,450465.576,717697927394.846,136141000,1593.23589999438,0.302222871742812,1.89691226355042
"21"," Africa",1980,462923.564,756626930058.473,146275000,1634.45326377569,0.315980890529911,1.93325130508765
"22"," Africa",1981,475954.235,772974023288.909,149996000,1624.05115123917,0.315147946944941,1.94050505554877
"23"," Africa",1982,489531.522,799081086635.759,156224000,1632.33836989921,0.319129602444682,1.95504564696587
"24"," Africa",1983,503598.892,806124968032.333,162383000,1600.7282399508,0.322445109748176,2.01436509771382
"25"," Africa",1984,518071.111,824551075078.646,177414000,1591.57895040136,0.342451057843293,2.15164354716387
"26"," Africa",1985,532882.528,843599860652.715,181891000,1583.08785956802,0.341334141096103,2.15612885307101
"27"," Africa",1986,548002.698,853407772926.524,188468000,1557.3057870721,0.343918014797803,2.20841672619997
"28"," Africa",1987,563436.544,865600058854.147,188505000,1536.28668227481,0.334562963668895,2.17773783714313
"29"," Africa",1988,579193.855,899233623618.804,198150000,1552.56071150617,0.342113436269105,2.2035430481634
"30"," Africa",1989,595297.222,927780069540.564,190856000,1558.51570484998,0.320606233233858,2.05712545748597
"31"," Africa",1990,611753.71,942303221479.607,187940000,1540.33102877236,0.307215137281309,1.99447476901221
"32"," Africa",1991,628583.245,955585669399.713,194538000,1520.22135015659,0.309486454733613,2.03579863354592
"33"," Africa",1992,645751.741,952824355039.658,194984000,1475.52734982043,0.301948856844042,2.04637926149447
"34"," Africa",1993,663150.005,967904077988.346,204265000,1459.55526003253,0.308022315403587,2.11038474416325
"35"," Africa",1994,680633.623,988126559956.65,206101000,1451.77453267931,0.302807550252333,2.08577532830452
"36"," Africa",1995,698109.187,1016839156385.75,209792000,1456.56177474964,0.300514595577153,2.06317782593743
"37"," Africa",1996,715543.587,1077363276332.5,216115000,1505.65709190333,0.302029120135207,2.00596219258269
"38"," Africa",1997,732997.338,1122661775780.47,218738000,1531.60416495328,0.298415817712015,1.94838734798764
"39"," Africa",1998,750589.388,1173387759394.09,227232000,1563.28850121458,0.302738093067737,1.93654653528461
"40"," Africa",1999,768489.313,1214030591855.25,226293000,1579.76249157709,0.294464732523873,1.86398103571826
"41"," Africa",2000,786832.231,1263877895145.27,239854000,1606.28637891331,0.304834996013273,1.89776244146141
"42"," Africa",2001,805657.623,1324794336595.06,236626000,1644.36393174307,0.293705406918244,1.78613384329652
"43"," Africa",2002,824969.038,1396992417590.62,240394000,1693.38769486113,0.291397602730395,1.72079674143547
"44"," Africa",2003,844822.858,1461648573432.42,253879000,1730.124320846,0.300511518593404,1.73693598184008
"45"," Africa",2004,865274.204,1547147985374.84,274282000,1788.04357996883,0.316988532342749,1.77282330192576
"46"," Africa",2005,886364.378,1631912196219.59,279384000,1841.13016804878,0.315202197803125,1.71200387280153
"47"," Africa",2006,908121.32,1736217580020.65,291115000,1911.87844815784,0.320568401587576,1.67671957334137
"48"," Africa",2007,930551.397,1840827034750.42,305221000,1978.21102701587,0.328000152365577,1.65806452338083
"49"," Africa",2008,953642.567,1940276349850.56,314406000,2034.59494887518,0.329689561770579,1.6204186585288
"50"," Africa",2009,977367.81,1739859281626,325239000,1780.14792775506,0.332770321134272,1.86934083367963
"51"," Africa",2010,1001701.059,1830671036131.21,318823000,1827.56224492642,0.318281584246583,1.74156357809525
"52"," Australia_NZ",1960,10292.328,90478910832.6747,24053000,8790.90822141256,2.33698343076513,2.658409543024
"53"," Australia_NZ",1961,10494.911,90813913004.1342,24704000,8653.13798317434,2.35390276296769,2.72028802446552
"54"," Australia_NZ",1962,10691.22,96507487718.3517,25883000,9026.79841200085,2.42095850613868,2.68196806402599
"55"," Australia_NZ",1963,10892.7,102390449096.726,27551000,9399.91453879445,2.52930861953418,2.69077831409579
"56"," Australia_NZ",1964,11114.995,109470519568.733,29719000,9848.90407676597,2.67377538181529,2.71479482486061
"57"," Australia_NZ",1965,11368.011,115406431451.291,32988000,10151.8578273096,2.901826889506,2.85841955124684
"58"," Australia_NZ",1966,11657.281,119385510339.394,32815000,10241.282709012,2.81497889602215,2.74865851866881
"59"," Australia_NZ",1967,11975.795,128533171978.824,35251000,10732.7465090062,2.94352065979753,2.74256049681927
"60"," Australia_NZ",1968,12305.53,137185804996.174,36712000,11148.3052738219,2.98337414154449,2.67607862205742
"61"," Australia_NZ",1969,12621.24,145914096074.57,38794000,11560.9952805406,3.07370749625235,2.65868761440115
"62"," Australia_NZ",1970,12904.76,155160959040.012,40256000,12023.544726133,3.11946909512459,2.5944670778697
"63"," Australia_NZ",1971,13150.591,161614473322.821,41662000,12289.5216893918,3.16807054527055,2.57786317917091
"64"," Australia_NZ",1972,13364.238,165775578190.332,42947000,12404.4167868255,3.21357641191365,2.59067110299512
"65"," Australia_NZ",1973,13552.19,174526327139.697,46630000,12878.0903410959,3.44077230322184,2.67180320380407
"66"," Australia_NZ",1974,13725.4,178226021163.165,47002000,12985.1240155599,3.42445393212584,2.63721311249887
"67"," Australia_NZ",1975,13892.674,182964157991.054,47964000,13169.8302278635,3.45246710604452,2.62149704765374
"68"," Australia_NZ",1976,14054.956,190568861210.018,47517000,13558.8372677949,3.38080033832906,2.49342939335895
"69"," Australia_NZ",1977,14211.657,192516398350.232,51210000,13546.3724145771,3.6033799577347,2.66003314205147
"70"," Australia_NZ",1978,14368.543,197835453301.517,55090000,13768.6509551816,3.83407002366211,2.78463738832687
"71"," Australia_NZ",1979,14532.401,208097323689.32,55923000,14319.5418079449,3.84815970877765,2.6873483526146
"72"," Australia_NZ",1980,14708.323,211973985410.82,60198000,14411.8391614611,4.09278474507257,2.83987678409368
"73"," Australia_NZ",1981,14898.018,218409943808.524,62820000,14660.3356103157,4.21666828433151,2.87624267030044
"74"," Australia_NZ",1982,15101.223,217636092875.346,63845000,14411.8190212373,4.22780327129796,2.93356672399775
"75"," Australia_NZ",1983,15318.246,218115335066.067,61359000,14238.9236382591,4.00561526430637,2.81314470536491
"76"," Australia_NZ",1984,15548.585,234199183141.844,64520000,15062.4113475177,4.1495737393467,2.75491994183955
"77"," Australia_NZ",1985,15791.043,246945954641.096,65784000,15638.3561643836,4.16590595060757,2.66390271894142
"78"," Australia_NZ",1986,16047.453,252862441960.189,65439000,15757.1698113208,4.07784338112721,2.58792881586989
"79"," Australia_NZ",1987,16316.143,265843830840.615,69841000,16293.301109252,4.28048467091763,2.62714390547106
"80"," Australia_NZ",1988,16588.048,277887228254.634,71215000,16752.256097561,4.29315130990699,2.56273022863592
"81"," Australia_NZ",1989,16851.083,289744477313.111,75749000,17194.4128049877,4.49520069422244,2.61433800921569
"82"," Australia_NZ",1990,17096.869,293599098573.956,78356000,17172.6822363765,4.5830613780804,2.66880928383581
"83"," Australia_NZ",1991,17321.654,290022064887.041,76774000,16743.3239855179,4.43225571876681,2.64717789765072
"84"," Australia_NZ",1992,17528.564,297790565432.09,80299000,16988.8740134155,4.58103698625854,2.69649241182263
"85"," Australia_NZ",1993,17724.669,309795047573.648,82388000,17478.1852103217,4.64821092004595,2.65943567030115
"86"," Australia_NZ",1994,17920.592,325179329487.381,82890000,18145.5684883279,4.62540523214858,2.54905501314212
"87"," Australia_NZ",1995,18124.234,335834048857.32,83838000,18529.5582068362,4.62574032094267,2.49641155461335
"88"," Australia_NZ",1996,18339.037,349818643356.333,89790000,19075.0824787765,4.89611313832891,2.56675856776844
"89"," Australia_NZ",1997,18563.442,364067928126.969,90980000,19612.0917730111,4.90103074634543,2.49898419968129
"90"," Australia_NZ",1998,18794.552,382994436455.494,94604000,20377.9497620105,5.03358632863396,2.47011421041865
"91"," Australia_NZ",1999,19027.438,399022390844.056,88771000,20970.8942866641,4.6654205363854,2.22471224765662
"92"," Australia_NZ",2000,19259.377,411723555007.187,89884000,21377.8231251814,4.66702531447409,2.18311531868588
"93"," Australia_NZ",2001,19487.257,422133461335.055,88590000,21662.02566811,4.54604770697077,2.09862539017452
"94"," Australia_NZ",2002,19714.625,438392840056.405,92992000,22236.9352729968,4.71690432863927,2.12120252666616
"95"," Australia_NZ",2003,19953.121,452262983333.84,94485000,22666.2777885144,4.73534942227835,2.08916058757468
"96"," Australia_NZ",2004,20218.481,471535573265.368,95107000,23322.0078830535,4.70396366571752,2.01696341468762
"97"," Australia_NZ",2005,20520.736,487667363620.82,98905000,23764.6136873853,4.81975890143511,2.02812423750593
"98"," Australia_NZ",2006,20865.583,502809918939.663,101231000,24097.5734509629,4.85157783513645,2.01330554921188
"99"," Australia_NZ",2007,21246.274,529278209151.944,102873000,24911.5778678155,4.84193134287923,1.94364699360724
"100"," Australia_NZ",2008,21645.095,545852540161.898,105709000,25218.3018906546,4.88373924900768,1.93658529039083
"101"," Australia_NZ",2009,22037.143,556562124742.58,107743000,25255.6388431377,4.88915464223289,1.93586654948597
"102"," Australia_NZ",2010,22404.488,573207362359.079,101740000,25584.4883560418,4.54105445301852,1.77492486456003
"103"," Canada",1960,17909.232,156750689690.265,52603000,8752.50762792427,2.93720021048362,3.35583850405647
"104"," Canada",1961,18295.159,161596474258.165,52954000,8832.74500419292,2.8944268809033,3.2769279307048
"105"," Canada",1962,18657.831,173087006750.659,56500000,9276.90934442805,3.02821908934645,3.26425426498889
"106"," Canada",1963,19004.278,181802177115.451,57570000,9566.38169129343,3.02931792515348,3.1666287452345
"107"," Canada",1964,19345.253,193440232533.188,64849000,9999.36431605151,3.35219187880355,3.35240498580738
"108"," Canada",1965,19688.687,206197978619.462,68763000,10472.9166865958,3.49251323869388,3.33480475707776
"109"," Canada",1966,20035.772,219314267333.108,70717000,10946.1351093988,3.5295370699966,3.22445962407865
"110"," Canada",1967,20384.144,225821050791.202,76874000,11078.2699921666,3.77126456720478,3.40419990654808
"111"," Canada",1968,20733.877,238005502955.148,82776000,11479.0640918314,3.99230688983059,3.47790277839076
"112"," Canada",1969,21084.28,251163369649.106,83829000,11912.3522192413,3.97590052873515,3.33762841759591
"113"," Canada",1970,21434.401,258295045950.742,93124000,12050.4905152583,4.3446047314315,3.60533434380151
"114"," Canada",1971,21785.605,273669151103.676,96157000,12561.925689173,4.41378607571376,3.51362218255913
"115"," Canada",1972,22137.281,289389480456.55,103937000,13072.4943346272,4.69511138246834,3.59159565289055
"116"," Canada",1973,22484.01,311131377280.525,104069000,13837.8953434252,4.62857826517601,3.34485711179713
"117"," Canada",1974,22818.515,324129909547.229,106346000,14204.689023244,4.66051362238077,3.2809684286326
"118"," Canada",1975,23135.845,331218830563.096,108302000,14316.2625165882,4.6811344042113,3.26980201626456
"119"," Canada",1976,23435.183,349240279811.247,108895000,14902.3918358669,4.64664602789746,3.11805385274729
"120"," Canada",1977,23719.05,361067525644.635,108583000,15222.6807416248,4.577881491881,3.00727681909749
"121"," Canada",1978,23990.204,376171205484.039,110670000,15680.2003636167,4.61313292708974,2.94201146676273
"122"," Canada",1979,24252.856,392172205026.836,116627000,16170.1452821406,4.80879447764832,2.97387215373969
"123"," Canada",1980,24511.056,396483645203.531,116866000,16175.7063915782,4.76788923333209,2.94756168164283
"124"," Canada",1981,24763.8,407920452337.349,113472000,16472.4497991968,4.58217236449979,2.78171882164317
"125"," Canada",1982,25012.782,394686830386.677,109159000,15779.4055210123,4.36412870827403,2.76571173892618
"126"," Canada",1983,25267.944,406217911095.642,108308000,16076.4133043687,4.28637961204916,2.66625367916136
"127"," Canada",1984,25542.032,430021173954.82,110912000,16835.8247282292,4.34233266953859,2.57922183179875
"128"," Canada",1985,25843.476,454381777065.871,109587000,17582.0689548833,4.24041255131469,2.41178245984353
"129"," Canada",1986,26176.653,467570097463.536,105596000,17862.1039696533,4.03397638345896,2.25839934103645
"130"," Canada",1987,26537.301,486910501231.2,112286000,18348.1545930839,4.23125170114323,2.3060911546593
"131"," Canada",1988,26914.365,511186599546.195,118446000,18993.0767285869,4.40084690833315,2.31707951861708
"132"," Canada",1989,27291.856,521506077456.765,120090000,19108.4870686979,4.40021374874615,2.30275360520522
"133"," Canada",1990,27657.79,521968558082.589,122737000,18872.3885054659,4.43770091536598,2.35142515960856
"134"," Canada",1991,28009.467,511521876266.176,122458000,18262.4637686314,4.37202178820468,2.39399340833426
"135"," Canada",1992,28349.228,514445635554.64,127529000,18146.7246852239,4.498499923878,2.47895970314739
"136"," Canada",1993,28676.325,525037922533.687,130330000,18309.1076884394,4.54486409956646,2.48229688573853
"137"," Canada",1994,28991.24,549145353704.463,123941000,18941.7683998499,4.27511896697071,2.25697985358358
"138"," Canada",1995,29294.899,563569340854.764,125386000,19237.7977085623,4.28013081731396,2.22485488316003
"139"," Canada",1996,29586.368,571922145354.417,127593000,19330.5966232292,4.31256043323736,2.23095050675003
"140"," Canada",1997,29866.502,596189823489.389,131779000,19961.8228974183,4.41226763013626,2.21035305884159
"141"," Canada",1998,30140.562,621268938786.609,141047000,20612.3873465468,4.67964067823287,2.27030503529561
"142"," Canada",1999,30415.664,655854199994.98,140555000,21563.0406751922,4.6211386343563,2.14308302060238
"143"," Canada",2000,30697.425,690314735468.532,145755000,22487.7081862251,4.7481181239143,2.11142820095058
"144"," Canada",2001,30986.788,702986277180.747,143357000,22686.6455852329,4.62639109287481,2.0392574457487
"145"," Canada",2002,31283.746,724379411045.351,141577000,23155.1365698133,4.5255769561612,1.95445919419066
"146"," Canada",2003,31591.631,739464683520.15,150855000,23406.9802701909,4.77515706612299,2.04005685953614
"147"," Canada",2004,31914.08,764435042124.404,150627000,23952.9086260486,4.71976632257612,1.97043557267338
"148"," Canada",2005,32253.092,789695820669.821,153551000,24484.3446535241,4.7608148700906,1.94443222290018
"149"," Canada",2006,32610.984,814203890327.289,150050000,24967.1672074442,4.60121043878958,1.84290448354016
"150"," Canada",2007,32985.806,834543657980.071,152932000,25300.0838597084,4.63629720007448,1.83252246347611
"151"," Canada",2008,33369.898,842992737058.349,148616000,25262.0711354392,4.45359467385846,1.76295706317234
"152"," Canada",2009,33752.618,822248249972.199,140152000,24361.0214168335,4.15232975409493,1.70449739485294
"153"," Canada",2010,34126.24,851150592856.793,136116000,24941.2356256298,3.9886023189194,1.59919996698988
"154"," China",1960,718417.719,501926100235.299,219595000,698.654956525785,0.305664788315167,4.37504644402942
"155"," China",1961,730717.623,439984498932.716,158050000,602.126574046944,0.216294222316847,3.59217200568172
"156"," China",1962,743335.089,450642311473.84,128975000,606.243830195186,0.173508558802879,2.86202597306461
"157"," China",1963,756866.561,490184844003.36,129032000,647.650285085537,0.170481834776157,2.63231312796598
"158"," China",1964,772081.417,541631652340.367,130230000,701.521420428601,0.168673921082082,2.40440157877188
"159"," China",1965,789479.371,596998587401.88,142163000,756.19276365092,0.180071836227878,2.38129541677291
"160"," China",1966,809257.088,647839611589.219,158057000,800.536221672512,0.195311233406213,2.43975510562359
"161"," China",1967,831111.861,632390867981.983,136351000,760.89741664989,0.164058541814024,2.15611905395011
"162"," China",1968,854407.411,628927942947.367,146979000,736.098417277617,0.17202449101884,2.33697678165176
"163"," China",1969,878230.978,686480757280.498,179610000,781.66310967967,0.204513396246881,2.61638797730511
"164"," China",1970,901855.973,762281456892.415,236167000,845.236356706388,0.26186775612784,3.09816010693451
"165"," China",1971,925171.603,802430220510.596,265128000,867.331225805681,0.286571701012315,3.3040629979177
"166"," China",1972,948186.403,832970136871.205,280244000,878.487746961718,0.295557918900046,3.36439432333853
"167"," China",1973,970445.614,905469964789.216,294420000,933.045553224805,0.303386398735375,3.25157113376519
"168"," China",1974,991439.284,925110572388.457,299233000,933.098564196551,0.301816767631733,3.23456469887095
"169"," China",1975,1010849.532,976723969227.817,344804000,966.240709727922,0.341103190024527,3.53020925935294
"170"," China",1976,1028454.602,997563580604.313,360079000,969.96365096173,0.350116572282108,3.60958446159259
"171"," China",1977,1044442.302,1067739264139.34,395576000,1022.30564780335,0.378743755631606,3.70479960122904
"172"," China",1978,1059436.235,1177810493436.26,439755000,1111.73325446648,0.415083971523779,3.73366515624271
"173"," China",1979,1074328.058,1265345781604.56,454477000,1177.80204303718,0.423033724769385,3.59172177761311
"174"," China",1980,1089806.727,1300149689928.37,447971000,1193.00941875024,0.411055454973348,3.44553402942919
"175"," China",1981,1105937.752,1379962158150.68,445761000,1247.77561454533,0.40306156399298,3.23024075237958
"176"," China",1982,1122639.233,1491016369612.86,481961000,1328.13492151745,0.429310668853135,3.23243265347342
"177"," China",1983,1140257.692,1609679045558.5,508762000,1411.68005868492,0.446181598746891,3.16064249829058
"178"," China",1984,1159172.262,1803885905957.89,552380000,1556.18449914038,0.476529691149563,3.0621670593223
"179"," China",1985,1179573.382,1979468656742,599540000,1678.12252035202,0.50826850550278,3.02879259016297
"180"," China",1986,1201665.645,2130984082200.15,630029000,1773.35858028973,0.524296423569636,2.95651668758371
"181"," China",1987,1225179.33,2361976471252.09,672930000,1927.86183492999,0.549250206498342,2.84901229199492
"182"," China",1988,1249225.585,2548920376676.74,724345000,2040.40039467871,0.57983522647753,2.8417717816058
"183"," China",1989,1272585.224,2619168543114.58,737187000,2058.14785031213,0.579283010754178,2.81458404781915
"184"," China",1990,1294346.636,2737633849947.55,754636000,2115.0700854045,0.583024654301338,2.7565264069717
"185"," China",1991,1314227.509,2930191451002.09,793301000,2229.59223645508,0.603625319487967,2.70733504368358
"186"," China",1992,1332371.461,3194428186812.51,830849000,2397.55074340527,0.623586608029275,2.60093184573683
"187"," China",1993,1348825.376,3481326574965.5,891348000,2581.00613831089,0.660832762980284,2.56036881575476
"188"," China",1994,1363781.311,3813383122013.22,945852000,2796.1837365384,0.693551079172986,2.48034873427732
"189"," China",1995,1377416.225,4329326135099.85,1026791000,3143.07763806097,0.745447150515452,2.37171090363309
"190"," China",1996,1389687.511,4447562538259.26,1074584000,3200.40476945702,0.773255851761051,2.41611892077089
"191"," China",1997,1400603.913,4676953368190.18,1086644000,3339.24054101238,0.775839614550613,2.32340139927564
"192"," China",1998,1410485.068,4641994213623.87,1032335000,3291.06228696628,0.731900693896605,2.22390410778665
"193"," China",1999,1419754.187,4953719523263.99,1041123000,3489.13887250539,0.733312153281926,2.10169953125244
"194"," China",2000,1428749.317,5385130440245.13,1078902000,3769.12196994256,0.755137368860069,2.00348350327219
"195"," China",2001,1437597.156,5883399558882.3,1103629000,4092.52309266693,0.767690027344489,1.87583554194246
"196"," China",2002,1446328.341,6543067754992.88,1166656000,4523.91588376742,0.8066328833696,1.78304129452083
"197"," China",2003,1455064.21,7401475020063.01,1396411000,5086.69993337477,0.959690294354776,1.88666582838526
"198"," China",2004,1463908.504,7981570035812.93,1611782000,5452.23285062147,1.10101279936277,2.01937963679829
"199"," China",2005,1472937.381,8621171860864.95,1746072000,5853.04709628043,1.18543532299694,2.02533023141105
"200"," China",2006,1482210.77,9369823677604.19,1919492000,6321.51908976089,1.29501960102476,2.04858924356067
"201"," China",2007,1491746.399,9842386009657.72,2032951000,6597.89493459184,1.36279933463409,2.06550626850562
"202"," China",2008,1501510.995,10507998424023.6,2106146000,6998.2827025676,1.40268436728963,2.00432652824242
"203"," China",2009,1511435.899,11364996172437.5,2288995000,7519.33719448958,1.51445059728597,2.01407458944095
"204"," China",2010,1521449.976,12511737419011.1,2469776000,8223.56148172901,1.62330411052568,1.97396725753473
"205"," Eastern Europe",1960,99857.897,238957220540.953,133299000,2392.97269139318,1.3348869143519,5.57836250765876
"206"," Eastern Europe",1961,100798.314,254827450594.691,141589000,2528.09239046092,1.40467627266067,5.55626953334791
"207"," Eastern Europe",1962,101678.692,260185820141.829,150960000,2558.90211630407,1.48467684851808,5.8020071930788
"208"," Eastern Europe",1963,102515.906,278819997012.994,162174000,2719.77303710308,1.58193987965146,5.81644077675111
"209"," Eastern Europe",1964,103332.923,297722672692.887,173364000,2881.19859623914,1.67772279121534,5.82300294538979
"210"," Eastern Europe",1965,104147.749,309991206204.42,176186000,2976.45613257009,1.69169282765775,5.68358058143805
"211"," Eastern Europe",1966,104966.754,333180176739.607,179683000,3174.14956682005,1.71180867420174,5.39296790578358
"212"," Eastern Europe",1967,105790.144,346589523440.021,184676000,3276.19861676359,1.74568247113833,5.328378023866
"213"," Eastern Europe",1968,106622.155,359120209853.572,196329000,3368.15748897189,1.84135276575492,5.46694378687436
"214"," Eastern Europe",1969,107465.568,370809915805.343,209848000,3450.49975267746,1.95269986382987,5.65917984000621
"215"," Eastern Europe",1970,108322.446,386109669144.167,227542000,3564.44747512595,2.10059879925533,5.89319610939449
"216"," Eastern Europe",1971,109192.912,415681235410.606,236538000,3806.85181663262,2.16623950829336,5.69036992411626
"217"," Eastern Europe",1972,110077.784,438904889327.992,243032000,3987.22497291544,2.2078206080166,5.53723610534635
"218"," Eastern Europe",1973,110979.655,463802882452.83,253804000,4179.17033939987,2.28694169215069,5.47223852205818
"219"," Eastern Europe",1974,111901.248,489997257231.719,259853000,4378.83639360053,2.32216355620985,5.30315213330094
"220"," Eastern Europe",1975,112842.207,511449267257.115,275469000,4532.42878577442,2.4411876311494,5.38604740754309
"221"," Eastern Europe",1976,113804.09,527059682139.539,289889000,4631.28945664026,2.54726345951187,5.50011715605391
"222"," Eastern Europe",1977,114779.642,546062723267.341,299454000,4757.48759755969,2.60894697685152,5.48387551906548
"223"," Eastern Europe",1978,115748.574,568698665153.197,313794000,4913.22394307162,2.71099668147964,5.51775517031449
"224"," Eastern Europe",1979,116684.172,580532210718.061,317031000,4975.24386356412,2.71700089708825,5.46104064764751
"225"," Eastern Europe",1980,117566.35,578013111002.596,322550000,4916.48427464658,2.743557148793,5.58032324631044
"226"," Eastern Europe",1981,118380.275,571307965515.554,311284000,4826.0401955947,2.62952590708207,5.44861998762951
"227"," Eastern Europe",1982,119126.329,576192237013.865,313449000,4836.81686366635,2.63123192522788,5.44000734241856
"228"," Eastern Europe",1983,119817.648,581401055519.654,317915000,4852.38247640826,2.65332365729629,5.46808432805216
"229"," Eastern Europe",1984,120475.641,599924412260.191,321629000,4979.63245748733,2.66966000205801,5.36115872978523
"230"," Eastern Europe",1985,121112.059,599452177970.802,325355000,4949.56640090482,2.68639640582776,5.42753887560064
"231"," Eastern Europe",1986,121738.469,617134203024.609,331388000,5069.34421053553,2.72213050420406,5.36978826284216
"232"," Eastern Europe",1987,122339,612231985785.902,336746000,5004.38932626474,2.7525645951005,5.50030066736435
"233"," Eastern Europe",1988,122865.854,616633229273.043,328901000,5018.75182728183,2.67691135732471,5.3338189443301
"234"," Eastern Europe",1989,123254.462,609574991090.88,320697000,4945.66266567194,2.6019098602694,5.26099339190554
"235"," Eastern Europe",1990,123462.328,687107735347.136,278944000,5565.32301373044,2.25934505301083,4.05968359327338
"236"," Eastern Europe",1991,123470.236,543812107417.43,250833000,4404.39838000658,2.03152604324819,4.61249384812723
"237"," Eastern Europe",1992,123302.558,528455373383.301,237150000,4285.84274288374,1.92331776279937,4.4876069379654
"238"," Eastern Europe",1993,123014.495,577488475886.218,234043000,4694.47503634607,1.90256440917796,4.0527735144989
"239"," Eastern Europe",1994,122685.022,603498815872.425,221899000,4919.09123081402,1.80868859443983,3.67687548283289
"240"," Eastern Europe",1995,122373.047,637877414795.166,231288000,5212.56461641562,1.89002403445916,3.62590044161182
"241"," Eastern Europe",1996,122099.827,666899859260.302,238558000,5461.92304809983,1.9537947420679,3.57711876359666
"242"," Eastern Europe",1997,121854.947,686711198168.081,234997000,5635.48066840553,1.92849782290743,3.42206448106416
"243"," Eastern Europe",1998,121627.564,705497382144.676,225210000,5800.47284466435,1.85163619654505,3.19221595571869
"244"," Eastern Europe",1999,121395.117,717866799171.979,209921000,5913.47343214784,1.72923759363402,2.92423330124938
"245"," Eastern Europe",2000,121142.65,746165475781.539,209373000,6159.39535565335,1.72831781375098,2.80598616252918
"246"," Eastern Europe",2001,120869.695,767360294971.33,213180000,6348.65749409999,1.76371753068459,2.77809526238212
"247"," Eastern Europe",2002,120589.171,790243995782.938,210376000,6553.19204228494,1.74456792641853,2.6621651176428
"248"," Eastern Europe",2003,120314.476,822118199307.441,217473000,6833.07800224672,1.80753810538975,2.6452765573515
"249"," Eastern Europe",2004,120063.473,868813348723.384,218156000,7236.28366741801,1.81700557670858,2.5109651033856
"250"," Eastern Europe",2005,119848.388,909988051164.103,217453000,7592.82679016177,1.81440070766742,2.38962478377406
"251"," Eastern Europe",2006,119674.002,967211581576.795,225801000,8082.05262139387,1.88680077733174,2.33455641248514
"252"," Eastern Europe",2007,119535.043,1029002614407.1,224772000,8608.37615967645,1.88038582125243,2.18436762796284
"253"," Eastern Europe",2008,119421.031,1078648081302.29,221691000,9032.31258573116,1.85638156146885,2.05526717974916
"254"," Eastern Europe",2009,119316.36,1050365172305.9,202694000,8803.19490391678,1.69879470007298,1.92974791381382
"255"," Eastern Europe",2010,119208.91,1074789782171.18,210020000,9016.0188711664,1.76178106149951,1.95405653723038
"256"," Former Soviet Union",1960,214060.73,0,395047000,0,1.84549029614166,Inf
"257"," Former Soviet Union",1961,217561.317,0,407399000,0,1.87257094054087,Inf
"258"," Former Soviet Union",1962,221015.614,0,427584000,0,1.93463254591596,Inf
"259"," Former Soviet Union",1963,224360.657,0,458556000,0,2.04383427171012,Inf
"260"," Former Soviet Union",1964,227519.156,0,487675000,0,2.1434458907715,Inf
"261"," Former Soviet Union",1965,230440.577,0,517331000,0,2.24496487005411,Inf
"262"," Former Soviet Union",1966,233093.332,0,546330000,0,2.34382509062936,Inf
"263"," Former Soviet Union",1967,235502.362,0,571269000,0,2.42574637107037,Inf
"264"," Former Soviet Union",1968,237745.056,0,587319000,0,2.47037313785402,Inf
"265"," Former Soviet Union",1969,239933.011,0,611655000,0,2.54927405549877,Inf
"266"," Former Soviet Union",1970,242149.004,0,643344000,0,2.65681043230721,Inf
"267"," Former Soviet Union",1971,244422.928,0,682832000,0,2.79364953847538,Inf
"268"," Former Soviet Union",1972,246738.061,0,718559000,0,2.91223412021545,Inf
"269"," Former Soviet Union",1973,249074.679,1508869509622.69,749046000,6057.90004700836,3.00731492662086,4.96428614418291
"270"," Former Soviet Union",1974,251395.348,0,777718000,0,3.09360537570488,Inf
"271"," Former Soviet Union",1975,253675.224,0,817647000,0,3.22320401301784,Inf
"272"," Former Soviet Union",1976,255909.849,0,849190000,0,3.31831699060555,Inf
"273"," Former Soviet Union",1977,258118.781,0,878142000,0,3.40208487192569,Inf
"274"," Former Soviet Union",1978,260328.557,0,908346000,0,3.48922918971198,Inf
"275"," Former Soviet Union",1979,262575.295,0,915905000,0,3.48816136719945,Inf
"276"," Former Soviet Union",1980,264883.235,0,952009000,0,3.59407042125562,Inf
"277"," Former Soviet Union",1981,267239.413,0,934023000,0,3.49507952257027,Inf
"278"," Former Soviet Union",1982,269626.29,0,951683000,0,3.52963726200438,Inf
"279"," Former Soviet Union",1983,272054.407,0,965326000,0,3.54828289916289,Inf
"280"," Former Soviet Union",1984,274537.027,0,974014000,0,3.54784201841014,Inf
"281"," Former Soviet Union",1985,277068.657,0,1050447000,0,3.79128773125717,Inf
"282"," Former Soviet Union",1986,279665.512,0,1053316000,0,3.7663421294507,Inf
"283"," Former Soviet Union",1987,282281.161,0,1097691000,0,3.88864420179992,Inf
"284"," Former Soviet Union",1988,284770.9,0,1127857000,0,3.96057673027686,Inf
"285"," Former Soviet Union",1989,286944.446,0,1104233000,0,3.84824663935123,Inf
"286"," Former Soviet Union",1990,288666.326,1989733930452.51,1035322000,6892.85084971258,3.58657005251108,5.20331881642359
"287"," Former Soviet Union",1991,289887.156,1862599404571.02,997905000,6425.25674566632,3.44239121791239,5.35759325140463
"288"," Former Soviet Union",1992,290646.075,1590733965114.79,940033000,5473.09632553886,3.2342876125198,5.90942936163537
"289"," Former Soviet Union",1993,291008.587,1433812324508.14,842781000,4927.04472843663,2.89606918025412,5.87790316483093
"290"," Former Soviet Union",1994,291081.644,1235154587152.3,735752000,4243.32695864636,2.52764822229738,5.95676045454606
"291"," Former Soviet Union",1995,290952.54,1169597272374.6,701441000,4019.89022805782,2.41084336297597,5.99728655809775
"292"," Former Soviet Union",1996,290649.441,1134701754638.49,676559000,3904.02180280983,2.32774918703525,5.96243900420819
"293"," Former Soviet Union",1997,290176.236,1156907256173.95,631301000,3986.91247816018,2.17557787881707,5.45679869005055
"294"," Former Soviet Union",1998,289571.606,1129100871549.27,621084000,3899.21127677576,2.14483736364677,5.5006954263333
"295"," Former Soviet Union",1999,288875.576,1181339792006.64,621557000,4089.44158022774,2.15164261585064,5.26145825448083
"296"," Former Soviet Union",2000,288128.853,1282745810598.44,626357000,4451.98666236471,2.17387808780122,4.88293935419508
"297"," Former Soviet Union",2001,287339.901,1361890829543.23,633410000,4739.65093188791,2.20439276896667,4.65096016699402
"298"," Former Soviet Union",2002,286543.087,1435343041046.69,635235000,5009.17002072603,2.21689173049218,4.42566676978327
"299"," Former Soviet Union",2003,285833.011,1546302745987.98,658913000,5409.81162594961,2.30523758503177,4.2612159986756
"300"," Former Soviet Union",2004,285325.635,1673990126958.72,662524000,5866.9461191551,2.32199255422668,3.95775333038353
"301"," Former Soviet Union",2005,285098.127,1792993249102.47,664607000,6289.03903357622,2.33115175814536,3.70668991828433
"302"," Former Soviet Union",2006,285196.915,1956486921705.47,685521000,6860.126525932,2.40367607061949,3.50383635277475
"303"," Former Soviet Union",2007,285588.583,2136879942856.21,696652000,7482.37174052652,2.43935521750181,3.26013636062696
"304"," Former Soviet Union",2008,286169.311,2250277240009.09,714116000,7863.44710460268,2.49543180400641,3.17345786245038
"305"," Former Soviet Union",2009,286787.61,2114291581488.66,648159000,7372.32539958284,2.26006625600039,3.0656083847415
"306"," Former Soviet Union",2010,287330.565,2215003497483.45,715531000,7708.90314952554,2.49027109246105,3.23038316107826
"307"," India",1960,449595.489,338657284122.097,32883000,753.248847926267,0.0731390790266581,0.970981624837711
"308"," India",1961,458626.687,347837353799.838,35561000,758.432432432432,0.0775380085982655,1.02234563400179
"309"," India",1962,467962.144,354789519412.722,39124000,758.15859030837,0.083605053318159,1.10273832397195
"310"," India",1963,477615.992,372048446940.655,42019000,778.969827586207,0.0879765349230601,1.12939592532965
"311"," India",1964,487607.406,400436780747.62,41082000,821.227848101266,0.0842522067845705,1.02592973410932
"312"," India",1965,497952.332,383797016565.46,45261000,770.750515463918,0.0908942424633529,1.17929525364824
"313"," India",1966,508656.247,387613529216.422,46841000,762.034343434343,0.0920877316975132,1.20844595116923
"314"," India",1967,519722.246,419423042355.443,46970000,807.013833992095,0.0903751962928291,1.11987171082019
"315"," India",1968,531160.986,429550299541.124,51087000,808.700772200772,0.0961798801992585,1.18931356943703
"316"," India",1969,542983.934,458684908420.507,52011000,844.748582230624,0.0957873644931822,1.13391565855308
"317"," India",1970,555199.768,481909293634.957,53216000,867.992606284658,0.0958501841448896,1.10427420061981
"318"," India",1971,567805.061,486157972968.625,56141000,856.205776173285,0.0988737224376378,1.15478924797194
"319"," India",1972,580798.773,484271450998.444,59408000,833.802469135802,0.102286717468668,1.22674999481212
"320"," India",1973,594192.969,506940853855.531,61179000,853.158620689655,0.102961501047314,1.20682717785919
"321"," India",1974,608002.572,512799417159.379,63265000,843.41652613828,0.10405383614068,1.2337182508992
"322"," India",1975,622232.355,558351541710.815,68776000,897.33607907743,0.110531057164329,1.23176878475641
"323"," India",1976,636883.717,566417669872.958,71935000,889.358064516129,0.112948404991174,1.26999922188399
"324"," India",1977,651935.141,610632890411.031,86087000,936.646687697161,0.132048411852675,1.40979959238771
"325"," India",1978,667339.022,644368347793.657,86729000,965.578703703704,0.129962428601995,1.34595375916529
"326"," India",1979,683032.539,611550715001.34,90521000,895.346385542169,0.132528093218704,1.48018795137541
"327"," India",1980,698965.575,655938530664.433,95059000,938.441826215022,0.135999544755834,1.44920591726347
"328"," India",1981,715105.168,698449004563.838,102215000,976.708092485549,0.142937017622001,1.46345687848507
"329"," India",1982,731443.752,720807857329.322,108650000,985.459039548023,0.148541838935552,1.5073365099343
"330"," India",1983,747986.284,779997614013.178,117895000,1042.79668049793,0.157616526561869,1.51147898252427
"331"," India",1984,764749.394,810325974257.846,121928000,1059.59675236806,0.159435235851916,1.50467841181656
"332"," India",1985,781736.502,843182026469.785,133751000,1078.60132450331,0.171094735448339,1.5862648372616
"333"," India",1986,798941.802,879758236679.611,143404000,1101.15434500649,0.179492423153996,1.63003873133642
"334"," India",1987,816328.792,918011452215.696,153139000,1124.56091370558,0.187594755325009,1.6681600172894
"335"," India",1988,833833.51,1013881470714.56,165339000,1215.92795031056,0.198287785291814,1.63075275341084
"336"," India",1989,851374.699,1081216867131.98,180787000,1269.96593673966,0.212347160671262,1.67206973453487
"337"," India",1990,868890.7,1137221546686.53,188322000,1308.8200238379,0.21673842291096,1.65598339697929
"338"," India",1991,886348.712,1156372047461.34,201214000,1304.64684136794,0.227014489078425,1.74004551944799
"339"," India",1992,903749.636,1220352883938.78,213699000,1350.32185389315,0.236458186523685,1.75112463626316
"340"," India",1993,921107.534,1290908181018,222061000,1401.4739141391,0.241080429595097,1.72019205753956
"341"," India",1994,938452.55,1374116079297.77,235869000,1464.23607597184,0.251338226956707,1.71651437279257
"342"," India",1995,955804.355,1474371208225.45,250899000,1542.54497849139,0.262500373311231,1.70173561854875
"343"," India",1996,973147.577,1591492307772.36,273309000,1635.40694688732,0.280850516879004,1.71731273010396
"344"," India",1997,990460.131,1659010017355.64,284685000,1674.98919485093,0.287427016080469,1.71599325514484
"345"," India",1998,1007746.556,1768647680394.38,292313000,1755.05207124159,0.290065987583489,1.65274861262826
"346"," India",1999,1025014.711,1881206851454.22,312078000,1835.29741696968,0.304461971765789,1.65892442800086
"347"," India",2000,1042261.758,1961929392309.41,323606000,1882.37683792042,0.310484384096533,1.64942735079308
"348"," India",2001,1059500.888,2073213541595.63,328291000,1956.78320337154,0.309854388720437,1.58348859590862
"349"," India",2002,1076705.723,2149659502618.55,334549000,1996.51534927204,0.310715354115379,1.55628833121003
"350"," India",2003,1093786.762,2329471066136.36,349581000,2129.73053529821,0.319606172011798,1.50068831110151
"351"," India",2004,1110626.108,2524669991597.98,367746000,2273.19524852911,0.331115933031893,1.45661017568176
"352"," India",2005,1127143.548,2731957163985,384818000,2423.78814023518,0.341409930157361,1.40857991872274
"353"," India",2006,1143289.35,2986687341100.15,410244000,2612.36347657761,0.358827798054797,1.37357531320599
"354"," India",2007,1159095.25,3257067131535.67,439434000,2810.00817796093,0.379118109577276,1.34917084067841
"355"," India",2008,1174662.334,3467147993984.26,493943000,2951.61247077516,0.420497861983885,1.42463777391973
"356"," India",2009,1190138.069,3753842672086.23,540568000,3154.12368519592,0.454206124550075,1.44003904058018
"357"," India",2010,1205624.648,4064885266050.49,547811000,3371.60099770164,0.454379396530055,1.34766657395047
"358"," Japan",1960,92500.754,368748047704.941,63480000,3986.43288577886,0.686264676285774,1.72150063966697
"359"," Japan",1961,93357.259,413225762726.747,77207000,4426.28422420528,0.82700585714497,1.86839754352525
"360"," Japan",1962,94263.646,450251891419.793,79962000,4776.51682834115,0.848280364627526,1.77593923587646
"361"," Japan",1963,95227.653,488388755577.483,88689000,5128.64425607007,0.931336615006147,1.81595089950693
"362"," Japan",1964,96253.064,545532572368.687,97987000,5667.69045781947,1.01801434601604,1.7961713921965
"363"," Japan",1965,97341.852,577601981861.509,105514000,5933.74761209093,1.08395307703823,1.82675965999886
"364"," Japan",1966,98494.63,640759925854.423,114465000,6505.53157927922,1.16214457580073,1.78639448850311
"365"," Japan",1967,99711.082,713162935902.454,133592000,7152.29362271341,1.33979089706398,1.87323251496447
"366"," Japan",1968,100988.866,806225768128.951,153413000,7983.31340931139,1.51910805692184,1.9028540895689
"367"," Japan",1969,102323.674,908029379383.06,178336000,8874.08889738518,1.74286157864113,1.96398931630567
"368"," Japan",1970,103707.537,1007409977654.35,209660000,9713.95143300291,2.02164670056719,2.08117851371863
"369"," Japan",1971,105142.875,1055668553973.34,217492000,10040.324215724,2.06853769216411,2.06022997636332
"370"," Japan",1972,106616.535,1144379193254.28,232717000,10733.59956084,2.18274773232876,2.03356545952413
"371"," Japan",1973,108085.729,1235830831419.2,249727000,11433.8020648332,2.31045302937264,2.02072155549979
"372"," Japan",1974,109495.053,1220269830040.57,249761000,11144.5202007489,2.28102542678344,2.04676862322898
"373"," Japan",1975,110804.519,1256942203909.22,237271000,11343.7810592294,2.14134768276012,1.88768424882276
"374"," Japan",1976,111992.858,1306841065471.58,247860000,11668.9679039317,2.21317684383052,1.89663461417597
"375"," Japan",1977,113067.848,1364034120690.15,255035000,12063.8549757324,2.25559258897366,1.86971129337264
"376"," Japan",1978,114054.587,1435363096918.28,246492000,12584.8782997065,2.16117568335941,1.71727976377
"377"," Japan",1979,114993.274,1513667635265.75,260600000,13163.0971326701,2.26621950080315,1.72164611258434
"378"," Japan",1980,115912.104,1556436429021.13,258405000,13427.7299376874,2.22931851879766,1.66023484918375
"379"," Japan",1981,116821.569,1606816629310.61,253506000,13754.4517084051,2.17002735171276,1.57769091616113
"380"," Japan",1982,117708.919,1657149761369.3,245487000,14078.3704025801,2.08554289756072,1.48138089702378
"381"," Japan",1983,118552.097,1696109782681.81,241025000,14306.8728905049,2.03307243059564,1.42104598688714
"382"," Japan",1984,119318.921,1762649136794.03,256376000,14772.5869629179,2.14866173655727,1.45449252859424
"383"," Japan",1985,119988.663,1839576290506.22,249631000,15331.2508408083,2.08045488430853,1.35700270376558
"384"," Japan",1986,120551.455,1890172200644.25,249612000,15679.3810630013,2.07058471422016,1.32057809291091
"385"," Japan",1987,121021.83,1966761322476.11,246994000,16251.2938572827,2.04090452110995,1.25584125118467
"386"," Japan",1988,121432.942,2086781130634.76,269725000,17184.6378442743,2.22118475890998,1.29254091883587
"387"," Japan",1989,121831.143,2185956947096.59,279670000,17942.5136567634,2.29555426562812,1.279393907421
"388"," Japan",1990,122249.285,2296950515597.75,298564000,18789.0711638743,2.44225559274232,1.29982774105303
"389"," Japan",1991,122702.527,2373938438601.15,300116000,19347.1030845286,2.4458827975075,1.26421138442345
"390"," Japan",1992,123180.357,2394663007820.3,306401000,19440.299298859,2.48741769761229,1.27951615320978
"391"," Japan",1993,123658.854,2401137835240.73,302308000,19417.4356107225,2.44469352756577,1.25901976789138
"392"," Japan",1994,124101.546,2424549497473.95,320160000,19536.8194484374,2.57982281703404,1.32049273621167
"393"," Japan",1995,124483.305,2473696691568.71,322865000,19871.7144565587,2.59364097057031,1.30519235078596
"394"," Japan",1996,124794.906,2538747755009.23,328773000,20343.3604494179,2.6345065719269,1.29502034753667
"395"," Japan",1997,125048.712,2578184018499.75,327688000,20617.4376150292,2.62048280833152,1.27100314658952
"396"," Japan",1998,125266.855,2524690077128.93,316080000,20154.4939970668,2.52325325801466,1.25195564740146
"397"," Japan",1999,125481.436,2518462498690.77,326709000,20070.3990882824,2.60364409600795,1.29725576684124
"398"," Japan",2000,125714.674,2574756111488.72,332585000,20480.9512649949,2.6455543288447,1.29171457644468
"399"," Japan",2001,125973.93,2582453969443.28,327861000,20499.907952727,2.60260992095746,1.26957151561807
"400"," Japan",2002,126249.09,2590233545274.82,331811000,20516.8492325356,2.62822488463085,1.28100804116795
"401"," Japan",2003,126523.597,2635865824262.71,337450000,20832.9978499007,2.66709142010877,1.28022449736944
"402"," Japan",2004,126772.899,2700412118708.47,343511000,21301.1782487397,2.70965642270277,1.2720687987591
"403"," Japan",2005,126978.754,2739569598258.85,337655000,21575.0234740755,2.65914563943508,1.23251112223832
"404"," Japan",2006,127136.02,2789131695186.12,335779000,21938.1705923005,2.64110045288503,1.20388363367544
"405"," Japan",2007,127248.855,2851655189364.49,341188000,22410.0656101345,2.68126577641897,1.1964560135899
"406"," Japan",2008,127319.434,2823324296160.83,329129000,22175.1244681219,2.58506490061839,1.1657498943623
"407"," Japan",2009,127352.872,2669723764078.18,300150000,20963.2002965601,2.35683730791717,1.1242736197602
"408"," Japan",2010,127352.833,2793472088469.18,319257000,21934.9033913457,2.50687002777551,1.14286805054477
"409"," Korea",1960,25074.028,30750515493.376,3423000,1226.38913434156,0.136515760451412,1.11315207081239
"410"," Korea",1961,25808.542,32172711382.3846,3944000,1246.59158903221,0.152817621390623,1.22588362327443
"411"," Korea",1962,26495.107,32991139356.7834,4712000,1245.17856662301,0.177844158168525,1.42826228250015
"412"," Korea",1963,27143.075,35707227675.9786,5755000,1315.51888192398,0.212024614012966,1.61171851598873
"413"," Korea",1964,27770.874,38591829192.1098,6059000,1389.65122927387,0.218178225143364,1.57002145968214
"414"," Korea",1965,28392.722,40781464137.2583,6819000,1436.33513325205,0.240167180871211,1.67208317412275
"415"," Korea",1966,29006.181,45520469197.4113,8185000,1569.33686642207,0.282181235785573,1.79809218672673
"416"," Korea",1967,29606.633,48692598928.5122,9586000,1644.65168763068,0.323778796460915,1.96867700860939
"417"," Korea",1968,30204.127,54731390387.1846,10156000,1812.0500680978,0.336245440896206,1.85560789304889
"418"," Korea",1969,30811.523,62855741347.0074,11596000,2040.00760841998,0.376352704149029,1.84485931618912
"419"," Korea",1970,31437.141,68134769444.4031,14667000,2167.33351943178,0.466550059370857,2.1526454289932
"420"," Korea",1971,32087.884,74840503098.2575,15985000,2332.36018611441,0.498163107296199,2.13587554041605
"421"," Korea",1972,32759.447,80472572030.682,16454000,2456.46918370392,0.50226733070311,2.04467181609736
"422"," Korea",1973,33435.268,94429879227.1887,19933000,2824.25967775071,0.596166897779913,2.11087848074477
"423"," Korea",1974,34091.816,102795296110.919,20640000,3015.24847227026,0.605423894109953,2.00787397681397
"424"," Korea",1975,34713.078,109752400009.75,22315000,3161.70176582296,0.642841294569154,2.03321294094868
"425"," Korea",1976,35290.737,122685009407.92,25445000,3476.40825432236,0.721010728679313,2.0740105187095
"426"," Korea",1977,35832.213,135251950985.372,28828000,3774.59106378307,0.804527479226583,2.13142951284436
"427"," Korea",1978,36356.187,147748385549.421,30926000,4063.91312569221,0.850639259832171,2.09315315933896
"428"," Korea",1979,36889.651,158405148158.257,36327000,4294.02674908083,0.984747727757034,2.29329667768797
"429"," Korea",1980,37451.085,154077559487.724,36779000,4114.10135347812,0.982054324994857,2.38704455874577
"430"," Korea",1981,38046.253,163669727835.989,38108000,4301.86194251478,1.00162294562884,2.328347490025
"431"," Korea",1982,38665.964,176212024311.651,38698000,4557.2903422672,1.00082853229781,2.1961043890829
"432"," Korea",1983,39295.418,196750809022.902,41152000,5006.96567276372,1.04724678078243,2.0915797096016
"433"," Korea",1984,39912.9,214516773605.405,44699000,5374.62258080483,1.11991361188989,2.0837065208813
"434"," Korea",1985,40501.917,229661730308.337,48632000,5670.3916090771,1.20073328874779,2.1175491421539
"435"," Korea",1986,41058.854,257150325427.961,49755000,6262.96889406512,1.21179709497006,1.93486047187362
"436"," Korea",1987,41586.382,287607669122.772,52539000,6915.90985536495,1.26337030232637,1.82675935451403
"437"," Korea",1988,42081.911,320688971835.336,60529000,7620.589564845,1.43836148505708,1.88746746274393
"438"," Korea",1989,42544.024,341513786473.745,64316000,8027.303352258,1.51175168573617,1.88326218581353
"439"," Korea",1990,42972.254,374048766710.21,67342000,8704.42510905316,1.56710420635604,1.80035348311073
"440"," Korea",1991,43364.294,409623883942.161,71307000,9446.10983271539,1.64437128850754,1.74079204839698
"441"," Korea",1992,43720.846,431847457391.481,77524000,9877.38108707871,1.77315873530901,1.79517092605509
"442"," Korea",1993,44048.595,457716424155.894,87797000,10391.1696651367,1.99318502667338,1.91815271129745
"443"," Korea",1994,44356.925,496734147478.331,93820000,11198.5704031181,2.11511505813354,1.88873667083845
"444"," Korea",1995,44652.994,540043904645.569,102201000,12094.2372788165,2.28878269618382,1.89245724506556
"445"," Korea",1996,44940.974,577934289260.86,110095000,12859.8523312125,2.44976889018916,1.90497435514346
"446"," Korea",1997,45220.543,610501471970.553,117264000,13500.5338606959,2.59315771595224,1.92078160960857
"447"," Korea",1998,45489.131,574725010498.002,99488000,12634.3369913574,2.18707189636135,1.73105395071972
"448"," Korea",1999,45742.103,635338795863.853,109039000,13889.5843040678,2.38377758888786,1.7162339323501
"449"," Korea",2000,45977.21,689544833591.601,122051000,14997.5353787583,2.65459778877405,1.77002268821707
"450"," Korea",2001,46192.932,715132131103.968,122769000,15481.4189128321,2.6577442626937,1.71673170118197
"451"," Korea",2002,46393.993,765389958943.432,126979000,16497.6090534702,2.73697071084181,1.65901052811414
"452"," Korea",2003,46591.762,786559244288.263,127138000,16881.9381479555,2.72876565604022,1.61638174013254
"453"," Korea",2004,46801.31,823185026251.489,131518000,17588.9312981087,2.81013501545149,1.59767240420892
"454"," Korea",2005,47033.082,857286984301.678,126239000,18227.318896552,2.68404694380862,1.47254072803672
"455"," Korea",2006,47291.491,904406472097.528,128390000,19124.0845440362,2.71486471001728,1.41960505548168
"456"," Korea",2007,47572.585,953725327268.223,135216000,20047.7928047892,2.84230928380285,1.41776668956986
"457"," Korea",2008,47867.97,979080937722.4,138547000,20453.7802150875,2.89435712439863,1.41507197885291
"458"," Korea",2009,48164.969,985663244129.02,138908000,20464.3180426218,2.88400476288067,1.40928456881585
"459"," Korea",2010,48453.931,1051491767831.99,154777000,21700.8557640451,3.19431255226743,1.47197538521034
"460"," Latin America",1960,215517.944,671269502414.253,77736000,3114.68033684588,0.360693864080292,1.15804456660728
"461"," Latin America",1961,221657.377,703579807235.422,79425000,3174.17726744742,0.358323287386009,1.12886980529025
"462"," Latin America",1962,227997.664,732390304686.588,84190000,3212.27109013971,0.369258169241594,1.14952368240357
"463"," Latin America",1963,234493.782,753947037991.789,84290000,3215.21121609864,0.359455160307833,1.11798303796663
"464"," Latin America",1964,241083.582,805472142084.148,91154000,3341.04933816749,0.378101234616632,1.13168407990052
"465"," Latin America",1965,247722.299,844877256876.019,94179000,3410.58217321009,0.380179743124377,1.11470629885615
"466"," Latin America",1966,254391.126,886308691953.014,99042000,3484.03934480409,0.38932961836098,1.1174661932036
"467"," Latin America",1967,261101.856,925753304027.952,106055000,3545.56385852712,0.406182482287679,1.14560757751071
"468"," Latin America",1968,267877.704,979804954164.34,113096000,3657.65772788742,0.422192658482693,1.15427054659524
"469"," Latin America",1969,274756.002,1041277200037.2,122346000,3789.82512650332,0.44528963556545,1.17496090374042
"470"," Latin America",1970,281763.278,1112199536355.44,135091000,3947.28349361212,0.479448567460235,1.21462917025374
"471"," Latin America",1971,288900.829,1177982347483.77,141412000,4077.46267659124,0.489482846032262,1.20045941522013
"472"," Latin America",1972,296155.981,1254759279139.83,148584000,4236.81897256646,0.501708591189992,1.18416338870877
"473"," Latin America",1973,303524.425,1358880633829.04,161935000,4477.00587466407,0.533515548213295,1.1916793570286
"474"," Latin America",1974,310998.568,1441084791968.6,171841000,4633.73449349324,0.552545952558856,1.19244197813826
"475"," Latin America",1975,318570.333,1489303137182.55,174564000,4674.95866032995,0.547960628838593,1.17211866168656
"476"," Latin America",1976,326238.971,1572577352005.22,183629000,4820.32341870408,0.562866537486719,1.16769454784435
"477"," Latin America",1977,333998.793,1648152409644.04,191247000,4934.60588536928,0.572597877621672,1.16037205589079
"478"," Latin America",1978,341830.287,1720244008754.81,206978000,5032.45052933185,0.605499301470615,1.20318977393108
"479"," Latin America",1979,349708.718,1829718427554.52,221938000,5232.12128659179,0.63463673788081,1.21296258843841
"480"," Latin America",1980,357615.259,1931296853690.7,233059000,5400.48782899026,0.651703175786467,1.20674871682531
"481"," Latin America",1981,365539.399,1944540951947.83,232202000,5319.64805235079,0.635231114991246,1.19412244708658
"482"," Latin America",1982,373481.064,1919386341162.23,238609000,5139.17980367067,0.638878441237385,1.24315253726103
"483"," Latin America",1983,381444.799,1865441489216.44,229163000,4890.46251018995,0.600776313114706,1.22846522565689
"484"," Latin America",1984,389440.24,1934221158769.52,230633000,4966.67000505527,0.59221666461586,1.19238174473657
"485"," Latin America",1985,397473.397,1992523569019.36,237360000,5012.97340666893,0.597172041680062,1.19125316101941
"486"," Latin America",1986,405539.961,2071729637792.61,246538000,5108.57088579886,0.607925293951488,1.19001048931598
"487"," Latin America",1987,413632.23,2136209910341.66,258788000,5164.51513060687,0.62564757103188,1.21143525618515
"488"," Latin America",1988,421748.631,2152728010649.3,264858000,5104.29163823249,0.627999667413265,1.23033657150266
"489"," Latin America",1989,429887.679,2177816461052.3,280433000,5066.012745744,0.652340166278643,1.2876796783164
"490"," Latin America",1990,438045.801,2190390708178.26,269082000,5000.36914673738,0.614278231604371,1.22846576638281
"491"," Latin America",1991,446215.356,2273658544838.44,274467000,5095.42873024398,0.615099853264575,1.20716015438238
"492"," Latin America",1992,454386.93,2342611342167.99,279380000,5155.5429690022,0.614850431547404,1.19260073137632
"493"," Latin America",1993,462552.058,2431722519598.1,288115000,5257.18668318648,0.622881241185614,1.18481857069621
"494"," Latin America",1994,470701.302,2549445542726.83,300969000,5416.27042860152,0.639405497119275,1.18052727526821
"495"," Latin America",1995,478823.153,2585296902076.36,302495000,5399.27295887541,0.631746811123814,1.17005903560652
"496"," Latin America",1996,486915.24,2675448663340.73,315825000,5494.69074605413,0.648624183543731,1.18045621404539
"497"," Latin America",1997,494963.672,2817593825109.66,332520000,5692.52651154095,0.67180687959661,1.18015590833806
"498"," Latin America",1998,502931.683,2884690863946.87,352399000,5735.75092095932,0.700689600420342,1.22161790160712
"499"," Latin America",1999,510773.209,2892569335420.29,360498000,5663.11874713125,0.705788779927962,1.24628991805177
"500"," Latin America",2000,518455.171,3012368374537.89,356734000,5810.27742230367,0.688071061789063,1.18423099583471
"501"," Latin America",2001,525967.705,3036704730842.51,364793000,5773.55739140393,0.693565396757582,1.2012791243579
"502"," Latin America",2002,533318.767,3039333133233.78,367357000,5698.90527260178,0.688813187779683,1.20867632436574
"503"," Latin America",2003,540516.947,3099832129502.03,373392000,5734.93975851609,0.690805352306558,1.20455555140008
"504"," Latin America",2004,547578.737,3291952450140.88,382183000,6011.83396597242,0.697950767945907,1.16096148346142
"505"," Latin America",2005,554521.162,3448830909332.43,400397000,6219.47573090534,0.722059007731791,1.16096442686285
"506"," Latin America",2006,561337.437,3647478251950.34,407198000,6497.83536876472,0.725406810876931,1.11638225610329
"507"," Latin America",2007,568036.01,3861448196343.27,427002000,6797.89331726217,0.751716427273686,1.10580792046975
"508"," Latin America",2008,574667.994,4015843828615.19,443606000,6988.11117122208,0.771934411924113,1.10463956999287
"509"," Latin America",2009,581299.929,3774339203535.82,430193000,6492.9290633645,0.740053419136062,1.13978361986382
"510"," Latin America",2010,587977.371,3999130901952.46,457521000,6801.50478436094,0.778126884750468,1.14405107313849
"511"," Middle East",1960,48862.181,127908495597.197,19998000,2617.74020273874,0.409273585229444,1.56346143441298
"512"," Middle East",1961,50233.025,139437862711.361,21003000,2775.82054258849,0.418111391858245,1.50626233015896
"513"," Middle East",1962,51671.819,150163742547.745,23873000,2906.10521274169,0.462011991488049,1.58979788296163
"514"," Middle East",1963,53176.618,159941964702.991,25871000,3007.74984793112,0.486510819473326,1.61752420936193
"515"," Middle East",1964,54743.309,172942336477.274,30621000,3159.15021646342,0.559356030158864,1.77059016454446
"516"," Middle East",1965,56369.79,188798856509.433,37975000,3349.29146462019,0.673676449743737,2.01139989415681
"517"," Middle East",1966,58060.537,202355606761.901,43974000,3485.25206995417,0.757381902961042,2.17310509472275
"518"," Middle East",1967,59820.922,216027226535.046,44876000,3611.23197892278,0.750172322653268,2.0773307476
"519"," Middle East",1968,61651.262,243131159145.872,52220000,3943.6525913431,0.847022401585226,2.14781191285603
"520"," Middle East",1969,63551.282,267855949801.92,60719000,4214.80010115169,0.955433125644893,2.26685276339398
"521"," Middle East",1970,65523.608,294614945882.024,64235000,4496.31750867601,0.98033368370069,2.18030350794635
"522"," Middle East",1971,67571.053,328150143915.659,75837000,4856.37161693571,1.12232970529555,2.3110457638407
"523"," Middle East",1972,69703.404,371022529016.976,80987000,5322.87532208579,1.16188012855154,2.18280545428266
"524"," Middle East",1973,71939.171,403421533327.82,97489000,5607.81459836145,1.35515879102916,2.4165541981811
"525"," Middle East",1974,74301.663,445188429415.373,101771000,5991.63479578342,1.36970016404613,2.28602077851949
"526"," Middle East",1975,76809.892,470177187892.276,97894000,6121.31036315317,1.27449730042584,2.08206613423425
"527"," Middle East",1976,79461.513,533911179738.78,115981000,6719.11670922728,1.45958710854146,2.17229015614066
"528"," Middle East",1977,82257.946,549980070860.661,121184000,6686.0418671366,1.47321937749333,2.20342529521769
"529"," Middle East",1978,85224.763,549256113271.024,122791000,6444.7948452614,1.44079016095357,2.23558731588318
"530"," Middle East",1979,88393.447,567009475670.339,131480000,6414.60984851444,1.4874405791642,2.31883250001351
"531"," Middle East",1980,91780.503,561228606379.053,127534000,6114.90009353133,1.38955438062918,2.27240733188614
"532"," Middle East",1981,95389.996,557981778068.227,125856000,5849.47899639525,1.31938363851069,2.25555752798456
"533"," Middle East",1982,99196.961,583005156197.229,127461000,5877.24815679815,1.28492847679074,2.18627568976217
"534"," Middle East",1983,103150.958,589307281294.552,135080000,5713.05679288554,1.30953703794006,2.29218277607677
"535"," Middle East",1984,107183.642,595349365661.762,141308000,5554.47971866605,1.31837281662812,2.37353070567109
"536"," Middle East",1985,111238.239,595614602069.646,151616000,5354.40517059647,1.36298453987572,2.5455386666674
"537"," Middle East",1986,115303.02,564517953081.896,160330000,4895.95114752324,1.39050997970391,2.84012225164326
"538"," Middle East",1987,119368.809,574814856669.114,161797000,4815.45272575446,1.35543783468594,2.81476719195407
"539"," Middle East",1988,123385.526,567058246234.495,175721000,4595.82468558342,1.42416218252374,3.09881747010754
"540"," Middle East",1989,127295.434,571166549833.733,183832000,4486.93666289501,1.44413663729683,3.21853582030519
"541"," Middle East",1990,131060.207,613671381109.301,191523000,4682.3623673149,1.46133601025062,3.12093745766332
"542"," Middle East",1991,134659.716,643963848888.002,201968000,4782.15659453791,1.49983978876058,3.13632512677162
"543"," Middle East",1992,138109.862,681218173604.62,218738000,4932.43685671498,1.58379710784158,3.21098303708726
"544"," Middle East",1993,141455.84,693119345631.011,237714000,4899.89911785198,1.68048205008715,3.42962581405929
"545"," Middle East",1994,144764.755,709152232420.044,252491000,4898.6525236757,1.74414690923906,3.56046259825415
"546"," Middle East",1995,148091.218,727928467616.158,240448000,4915.4060412695,1.62364793299222,3.30318170942574
"547"," Middle East",1996,151451.095,761904197985.705,236839000,5030.69454853202,1.56379853179668,3.10851417574738
"548"," Middle East",1997,154848.33,780463539640.882,227382000,5040.1805407968,1.46841751538425,2.91342245282369
"549"," Middle East",1998,158312.388,808261799134.871,249106000,5105.48674898942,1.57350920636735,3.08199645543848
"550"," Middle East",1999,161874.645,816347227269.304,276024000,5043.08273398409,1.70517130709383,3.38120827485757
"551"," Middle East",2000,165560.461,863025720423.011,302592000,5212.75258120362,1.82768275814356,3.50617592082522
"552"," Middle East",2001,169369.813,887744338214.63,309553000,5241.45550195908,1.82767515956341,3.48696112917545
"553"," Middle East",2002,173307.189,928244371614.407,312347000,5356.06385961524,1.80227376488116,3.36492209973506
"554"," Middle East",2003,177404.003,979095005658.62,334609000,5519.01303861007,1.886141205055,3.41753351887353
"555"," Middle East",2004,181697.352,1058824015741.31,367859000,5827.40477000076,2.02456995630844,3.47422229313956
"556"," Middle East",2005,186203.539,1124529593623.75,378165000,6039.24930569527,2.03092273128063,3.36287281494636
"557"," Middle East",2006,190945.663,1193994663281.96,402103000,6253.05987327903,2.10585039577463,3.36771186978952
"558"," Middle East",2007,195889.208,1263635326409.79,398108000,6450.76540617687,2.03231206080531,3.15049755004156
"559"," Middle East",2008,200921.236,1321694445441.76,432447000,6578.17198298423,2.15232102195509,3.27191357648067
"560"," Middle East",2009,205888.918,1343498954453.89,441351000,6525.35827330876,2.14363650208701,3.28508629304741
"561"," Middle East",2010,210682.148,1417263416261.77,460607000,6727.02186547749,2.18626497011033,3.24997452636516
"562"," Southeast Asia",1960,299019.861,269658208495.552,16024000,901.80701574051,0.0535884136472125,0.594233718654417
"563"," Southeast Asia",1961,306887.937,284230859476.178,17985000,926.171495219698,0.0586044540421281,0.632760286238635
"564"," Southeast Asia",1962,315015.362,294232904369.608,18598000,934.027161410648,0.0590383906420411,0.632084302054731
"565"," Southeast Asia",1963,323422.631,302930434317.18,20101000,936.639570893789,0.0621508765105556,0.663551684574335
"566"," Southeast Asia",1964,332141.131,317355165647.528,21586000,955.48288371285,0.064990445281527,0.680184296227105
"567"," Southeast Asia",1965,341184.746,333294942377.281,22845000,976.875274421798,0.0669578586611255,0.685428942817261
"568"," Southeast Asia",1966,350576.663,345571614835.579,23680000,985.723384661172,0.0675458537295736,0.685241466121771
"569"," Southeast Asia",1967,360285.32,355830133613.526,26756000,987.634282777676,0.0742633643802084,0.751931820059406
"570"," Southeast Asia",1968,370205.04,386294237571.483,31485000,1043.46023374366,0.0850474645077765,0.815052282372547
"571"," Southeast Asia",1969,380193.974,413938175764.955,32822000,1088.75522515503,0.0863296165761954,0.792920342255101
"572"," Southeast Asia",1970,390157.397,449532315301.322,39219000,1152.18196235127,0.100520970002268,0.872440059703194
"573"," Southeast Asia",1971,400042.009,462720805546.551,41715000,1156.68053638475,0.104276548616173,0.901515546739411
"574"," Southeast Asia",1972,409894.15,486595688396.912,44953000,1187.12523317767,0.109669776941193,0.923826517002185
"575"," Southeast Asia",1973,419841.026,537236148855.333,48742000,1279.61803536402,0.11609632451689,0.907273274589817
"576"," Southeast Asia",1974,430065.763,561312545156.38,49988000,1305.17840164919,0.116233386380957,0.890555545771269
"577"," Southeast Asia",1975,440698.213,575754197493.161,52665000,1306.45911535194,0.11950354788482,0.914713261827771
"578"," Southeast Asia",1976,451782.951,623025407657.556,59495000,1379.03700500101,0.131689343009316,0.954936977990812
"579"," Southeast Asia",1977,463273.059,663961580662.7,66387000,1433.19704818557,0.143299936636289,0.999862069334481
"580"," Southeast Asia",1978,475095.68,708987374594.998,72615000,1492.30440191542,0.152842896824488,1.02420723699742
"581"," Southeast Asia",1979,487137.955,746308753314.476,76383000,1532.02752044742,0.156799525095514,1.02347720914127
"582"," Southeast Asia",1980,499317.173,797630044757.313,77005000,1597.4416420829,0.154220611995654,0.965422510174244
"583"," Southeast Asia",1981,511605.618,844030362671.204,77743000,1649.76758068205,0.151958847332282,0.921092456365638
"584"," Southeast Asia",1982,524026.979,863248057721.95,81084000,1647.33514173122,0.154732491358999,0.939289689385168
"585"," Southeast Asia",1983,536609.842,902229657030.771,86749000,1681.35130296543,0.161661216791473,0.961495771326007
"586"," Southeast Asia",1984,549401.762,942651830299.605,88158000,1715.77868055619,0.160461807910984,0.935212738853756
"587"," Southeast Asia",1985,562432.022,966172880577.565,92714000,1717.84827816501,0.164844810347587,0.959600521436462
"588"," Southeast Asia",1986,575698.951,1016170716360.81,95711000,1765.10781302572,0.166251822821195,0.941879139587566
"589"," Southeast Asia",1987,589170.978,1072155264767.91,99510000,1819.76931112162,0.168898339727793,0.928130498165683
"590"," Southeast Asia",1988,602810.863,1147100639580.39,108822000,1902.91965521595,0.180524284944746,0.948670031600776
"591"," Southeast Asia",1989,616568.751,1239525291571.61,116434000,2010.36022270226,0.188841876613367,0.939343479247378
"592"," Southeast Asia",1990,630402.773,1329027165253.06,132640000,2108.21909765467,0.21040516584149,0.998023241870637
"593"," Southeast Asia",1991,644287.603,1417755123937.9,147545000,2200.50039351432,0.229004871912769,1.04069452833424
"594"," Southeast Asia",1992,658211.135,1515260547971.45,162422000,2302.08890035178,0.246762765567617,1.07190806371513
"595"," Southeast Asia",1993,672159.537,1612848616899.41,178334000,2399.5026896411,0.265314988753927,1.10570823654135
"596"," Southeast Asia",1994,686122.861,1722390149504.85,190849000,2510.32321965563,0.278155722317493,1.10804744241521
"597"," Southeast Asia",1995,700086.5,1846570186530.92,203223000,2637.63147344067,0.290282700780546,1.10054305805612
"598"," Southeast Asia",1996,714036.046,1970933762473.24,223610000,2760.27208082046,0.313163461778511,1.13453838103317
"599"," Southeast Asia",1997,727943.683,2034479962169.35,238967000,2794.83153667171,0.328276768630191,1.17458517382098
"600"," Southeast Asia",1998,741765.651,1912160459173.63,208229000,2577.84983248521,0.280720736689923,1.08897241861172
"601"," Southeast Asia",1999,755449.92,1978844848773.85,218189000,2619.42558518486,0.288819939248918,1.10260791863089
"602"," Southeast Asia",2000,768955.363,2085933878808.65,234591000,2712.68526000078,0.305077526327104,1.12463296360086
"603"," Southeast Asia",2001,782277.199,2146274294086.86,250630000,2743.62373955227,0.320385152884917,1.16774449887651
"604"," Southeast Asia",2002,795412.854,2252080854634.1,258703000,2831.33575640469,0.325243675280108,1.14872873888017
"605"," Southeast Asia",2003,808329.875,2381966737742.04,269940000,2946.77558186507,0.333947820498407,1.133265195197
"606"," Southeast Asia",2004,820991.908,2534827996364.56,289209000,3087.5188557456,0.35226778386225,1.14094131994274
"607"," Southeast Asia",2005,833383.07,2690911818034.59,295572000,3228.9014678863,0.354665232160284,1.09840834626785
"608"," Southeast Asia",2006,845475.144,2851349005280.56,299867000,3372.48117288301,0.354672756648184,1.0516671212281
"609"," Southeast Asia",2007,857299.977,3038553207158.43,318900000,3544.32904313309,0.371981813315737,1.04951264058406
"610"," Southeast Asia",2008,868976.331,3176799896690.12,331545000,3655.79565675204,0.381535132974755,1.04364458191224
"611"," Southeast Asia",2009,880665.615,3186781115726.44,348625000,3618.60513394342,0.395865347825576,1.09397221628925
"612"," Southeast Asia",2010,892482.259,3402780607113.99,352960000,3812.71512436192,0.395481250681085,1.03726934161458
"613"," USA",1960,186361.893,2111196142016.21,788300000,11328.4755162699,4.22994200858434,3.73390223822201
"614"," USA",1961,189276.155,2158076454085.28,785521000,11401.7344344579,4.15013185363999,3.63991274967572
"615"," USA",1962,192077.088,2286674756823.9,814619000,11904.9845071782,4.24110448821465,3.56246115705355
"616"," USA",1963,194750.658,2384203866907.82,850622000,12242.3404952389,4.3677490424705,3.56774020798485
"617"," USA",1964,197288.044,2519874648157.32,887918000,12772.566431635,4.5006173815581,3.52365940365049
"618"," USA",1965,199686.185,2679529353810.23,924713000,13418.7017184501,4.63083112134172,3.4510276914305
"619"," USA",1966,201937.061,2854082834988.02,971333000,14133.5266585267,4.8100779281917,3.40331047190533
"620"," USA",1967,204047.057,2924000528973.05,1007829000,14330.0303957486,4.93919890253551,3.44674698247734
"621"," USA",1968,206047.91,3062477481543.7,1044820000,14862.9388259444,5.07076242607848,3.41168222883826
"622"," USA",1969,207983.897,3157072558044.32,1097559000,15179.4086156791,5.27713450815858,3.4765086320344
"623"," USA",1970,209891.345,3154634610515.87,1180503000,15029.8460878216,5.62435292412843,3.74212276776788
"624"," USA",1971,211781.565,3241168358121.6,1188102000,15304.2988331945,5.61003503775222,3.66565962864255
"625"," USA",1972,213659.358,3406556481077.92,1244874000,15943.8674391127,5.82644266861459,3.65434715941093
"626"," USA",1973,215546.789,3597334308626.62,1300844000,16689.3430670712,6.03508874353958,3.6161331930716
"627"," USA",1974,217467.429,3586314032342.61,1254019000,16491.2697447792,5.76646813624674,3.49667928879297
"628"," USA",1975,219439.031,3573264575648.69,1201617000,16283.6326763068,5.47585812115621,3.36279884839442
"629"," USA",1976,221475.044,3759558044700.03,1258004000,16975.0865686702,5.68011626628235,3.34614862981953
"630"," USA",1977,223577.684,3927478001680.16,1293235000,17566.5027538265,5.78427585822921,3.29278738021387
"631"," USA",1978,225738.519,4147487516676.38,1333273000,18372.9721230092,5.90627158318515,3.21465223135482
"632"," USA",1979,227941.881,4282889743684.91,1336344000,18789.3937037613,5.86265233110014,3.12019239339614
"633"," USA",1980,230176.361,4276070653411.23,1287475000,18577.3666541336,5.59342842334709,3.0108833654863
"634"," USA",1981,232441.494,4382813344180.84,1235831000,18855.554869996,5.31674004814304,2.81972081161257
"635"," USA",1982,234742.529,4301685074785.38,1172784000,18325.1202630836,4.99604398485457,2.72633626035145
"636"," USA",1983,237080.098,4485592531375.45,1182145000,18920.1563910921,4.98626839609287,2.63542662810148
"637"," USA",1984,239455.612,4818485565938.83,1219069000,20122.6671018211,5.09100200165699,2.5299837123461
"638"," USA",1985,241870.002,5010898945788.35,1223469000,20717.3229600765,5.05837429149234,2.4416157923686
"639"," USA",1986,244328.858,5188588509651.01,1224755000,21236.0854633512,5.01273165202614,2.360478187318
"640"," USA",1987,246832.552,5377912031779.24,1277456000,21787.6936741279,5.17539518045416,2.37537541047759
"641"," USA",1988,249371.28,5610714556122.84,1333151000,22499.4416202332,5.34604867088143,2.37608059840643
"642"," USA",1989,251931.44,5809357160674.13,1350173000,23059.2781935995,5.35928743153296,2.32413494756333
"643"," USA",1990,254506.647,5904696813630.6,1300283000,23200.5603124016,5.10903355698997,2.20211645244576
"644"," USA",1991,257076.988,5869784892633.51,1316254000,22832.7900458889,5.12007710312834,2.24242288955406
"645"," USA",1992,259652.287,6045998797811.68,1342295000,23284.9818796769,5.16958666341344,2.22013772229964
"646"," USA",1993,262290.373,6200573946258.14,1371630000,23640.1125795728,5.22943325868845,2.21210167298745
"647"," USA",1994,265070.064,6444592525244.9,1396662000,24312.788958488,5.26902954986271,2.16718434024954
"648"," USA",1995,268039.654,6603781370153.5,1406100000,24637.3298562514,5.24586559867743,2.12923463268336
"649"," USA",1996,271231.546,6852150117037.39,1441518000,25263.1016490884,5.31471365060169,2.10374550378832
"650"," USA",1997,274606.475,7160154976143.19,1477895000,26074.239422589,5.3818650853007,2.06405448614475
"651"," USA",1998,278053.607,7477821015833.16,1487890000,26893.4508583201,5.35109044638288,1.98973738051448
"652"," USA",1999,281419.13,7843098254090.76,1508506000,27869.8120276712,5.36035343439517,1.92335471408024
"653"," USA",2000,284594.395,8168409632648.99,1558102000,28701.9343183093,5.4748161853293,1.90747289872963
"654"," USA",2001,287532.638,8259689679057.66,1527517000,28726.094319274,5.31249951527242,1.84936366783004
"655"," USA",2002,290270.187,8411138945716.43,1541028000,28976.9301926844,5.30894342242595,1.83212762260312
"656"," USA",2003,292883.01,8628017895169.18,1549404000,29458.9225068712,5.29018054000469,1.79578208903288
"657"," USA",2004,295487.267,8923656620228.7,1579156000,30199.8008605518,5.34424381812703,1.76962882729068
"658"," USA",2005,298165.797,9195923810232.86,1588872000,30841.6454964245,5.32882046159037,1.72780030890639
"659"," USA",2006,300942.917,9436829433476.21,1564662000,31357.5395877359,5.19919862410319,1.65803780923444
"660"," USA",2007,303786.752,9616347383675.78,1589500000,31654.9267549224,5.23228873390766,1.65291449713875
"661"," USA",2008,306657.153,9583424409569.85,1542634000,31251.2664903331,5.03048432070978,1.60968974561906
"662"," USA",2009,309491.893,9253387996695.54,1448552000,29898.6442164918,4.68041985190223,1.5654287926944
"663"," USA",2010,312247.116,9520834345856.27,1481608000,30491.3443807637,4.74498537882412,1.55617453909892
"664"," Western Europe",1960,324539.464,2214460508192.81,594316000,6823.39362029886,1.83125957217949,2.68379588527868
"665"," Western Europe",1961,327311.09,2329706085585.95,612237000,7117.71203837289,1.87050490712062,2.62795810934242
"666"," Western Europe",1962,330308.121,2436955144210.4,647345000,7377.82388405278,1.95982162969587,2.65636813848598
"667"," Western Europe",1963,333411.366,2548514505310.5,691868000,7643.75412837756,2.07511821897517,2.71478933534932
"668"," Western Europe",1964,336455.739,2705374009947.87,712473000,8040.80209179569,2.11758313921939,2.63354714497952
"669"," Western Europe",1965,339319.637,2826494034911.05,725916000,8329.88641594901,2.13932799886851,2.56825590655402
"670"," Western Europe",1966,341953.635,2936326511733.22,738260000,8586.91416376733,2.15894765967322,2.51422992998223
"671"," Western Europe",1967,344381.079,3043105921534.79,742780000,8836.44923342259,2.15685484857895,2.44086147229926
"672"," Western Europe",1968,346641.873,3201420276148.61,783486000,9235.52670784412,2.26021742041533,2.44730754608249
"673"," Western Europe",1969,348806.928,3386588022375.68,831452000,9709.06180617973,2.3837026539794,2.45513181558098
"674"," Western Europe",1970,350925.441,3553333654215.03,865294000,10125.6085739735,2.46574884264376,2.43516113093847
"675"," Western Europe",1971,353007.323,3667598694259.59,882111000,10389.5824684056,2.49884617832701,2.40514591026726
"676"," Western Europe",1972,355023.931,3832025383882.55,906445000,10793.7100833987,2.55319408313351,2.36544623063432
"677"," Western Europe",1973,356941.88,4052733856852.54,952094000,11354.0441285639,2.66736422187276,2.34926356782634
"678"," Western Europe",1974,358713.792,4146971907842.76,926623000,11560.6703737858,2.58318197032134,2.23445690154681
"679"," Western Europe",1975,360308.312,4136264649028.81,884113000,11479.7924756973,2.45376798301561,2.1374671956921
"680"," Western Europe",1976,361720.888,4322295714802.64,948595000,11949.2566179994,2.62245015831101,2.1946554853971
"681"," Western Europe",1977,362971.972,4445278731071.81,927925000,12246.8925261034,2.55646460768602,2.08743940737382
"682"," Western Europe",1978,364086.948,4574311393566.89,952234000,12563.788454089,2.6154027361618,2.08169911943288
"683"," Western Europe",1979,365102.336,4739637020089.74,996651000,12981.6672005345,2.7297853279142,2.10280026882972
"684"," Western Europe",1980,366050.15,4805673020391.7,961922000,13128.4552687431,2.62784211398356,2.00163847169443
"685"," Western Europe",1981,366942.163,4814273192670.3,912499000,13119.9782366528,2.48676519629062,1.8954034461303
"686"," Western Europe",1982,367788.843,4855028644424.68,879431000,13200.5870673589,2.39113017357082,1.81138169186685
"687"," Western Europe",1983,368620.302,4948130007923.21,865238000,13423.3789649578,2.34723371259134,1.7486161410766
"688"," Western Europe",1984,369471.06,5076532652176.2,866396000,13740.000778887,2.34496309399713,1.7066688217372
"689"," Western Europe",1985,370369.467,5207330781345.69,886273000,14059.8274029584,2.39294293662712,1.70197177251522
"690"," Western Europe",1986,371318.055,5354743289777.07,881514000,14420.9074072013,2.37401329703723,1.64623017817293
"691"," Western Europe",1987,372322.321,5510953312929.41,886164000,14801.5657458512,2.38009904326955,1.60800491254561
"692"," Western Europe",1988,373414.21,5733389953643.64,882037000,15353.9683282102,2.36208739887001,1.53842143501761
"693"," Western Europe",1989,374631.171,5922506051616.87,907769000,15808.8982179672,2.42310055934988,1.5327447402982
"694"," Western Europe",1990,375992.398,5981350669629.63,9.07e+08,15908.1691583287,2.41228281429243,1.51637991165658
"695"," Western Europe",1991,377537.943,6086701976260.19,906452000,16122.0933925049,2.40095602788194,1.48923341989703
"696"," Western Europe",1992,379245.39,6153648565935.43,884106000,16226.0339299983,2.33122411850544,1.43671838020474
"697"," Western Europe",1993,380996.261,6140971856897.42,866633000,16118.1945481019,2.27464961919928,1.4112310236801
"698"," Western Europe",1994,382627.655,6319019927110.09,865475000,16514.8019086861,2.26192484701609,1.36963486424043
"699"," Western Europe",1995,384032.94,6496809407200.25,878837000,16917.3233087772,2.28844171544243,1.35272092025049
"700"," Western Europe",1996,385148.424,6615400376027.57,906445000,17176.2363904352,2.3534952852358,1.37020429373362
"701"," Western Europe",1997,386035.264,6826807598808.66,885347000,17684.4144446054,2.29343555515177,1.29686824652053
"702"," Western Europe",1998,386863.515,7023309098705.01,899426000,18154.4881499229,2.3249181303644,1.2806299528606
"703"," Western Europe",1999,387874.237,7228271529327.3,879525000,18635.6061831642,2.26755199521024,1.21678467173168
"704"," Western Europe",2000,389235.435,7507390968327.47,887053000,19287.532154742,2.2789626026726,1.1815729375789
"705"," Western Europe",2001,391001.68,7662201193526.29,907401000,19596.3382907365,2.32070869874523,1.18425629539284
"706"," Western Europe",2002,393102.599,7760785969583.9,901539000,19742.3929257306,2.29339363894666,1.16165940348479
"707"," Western Europe",2003,395427.464,7871638412842.51,920606000,19906.6557826204,2.32812862993249,1.16952272413585
"708"," Western Europe",2004,397808.801,8065899127240.95,923972000,20275.8187022638,2.32265349001165,1.14552883122412
"709"," Western Europe",2005,400118.452,8227546795588.41,918253000,20562.7777336008,2.29495289559903,1.11607144002191
"710"," Western Europe",2006,402329.004,8480863642350.11,914978000,21079.4239491372,2.2742034277996,1.07887361309638
"711"," Western Europe",2007,404460.054,8723342636276.83,900719000,21567.8719072634,2.22696652263217,1.03253883007447
"712"," Western Europe",2008,406486.072,8729860167800.82,884489000,21476.4066203991,2.17593925333806,1.0131765950414
"713"," Western Europe",2009,408388.192,8366591496412.25,821718000,20486.8594643702,2.01210029108775,0.982141891775604
"714"," Western Europe",2010,410154.177,8548090664676.69,837128000,20841.1644791726,2.04100810608105,0.979315771016875
